<?xml version="1.0" encoding="UTF-8"?><rss version="2.0"
	xmlns:content="http://purl.org/rss/1.0/modules/content/"
	xmlns:dc="http://purl.org/dc/elements/1.1/"
	xmlns:atom="http://www.w3.org/2005/Atom"
	xmlns:sy="http://purl.org/rss/1.0/modules/syndication/"
	
	>
<channel>
	<title>
	Comments for Firefighters Community Service Organization of North Kansas City	</title>
	<atom:link href="/comments/feed/" rel="self" type="application/rss+xml" />
	<link>/</link>
	<description>Of North Kansas City</description>
	<lastBuildDate>Tue, 03 Aug 2021 03:48:40 +0000</lastBuildDate>
	<sy:updatePeriod>
	hourly	</sy:updatePeriod>
	<sy:updateFrequency>
	1	</sy:updateFrequency>
	<generator>https://wordpress.org/?v=5.8</generator>
</channel>
</rss>
