<?xml version="1.0" encoding="UTF-8"?><rss version="2.0"
	xmlns:content="http://purl.org/rss/1.0/modules/content/"
	xmlns:dc="http://purl.org/dc/elements/1.1/"
	xmlns:atom="http://www.w3.org/2005/Atom"
	xmlns:sy="http://purl.org/rss/1.0/modules/syndication/"
	
	>
<channel>
	<title>
	Comments on: Hello world!	</title>
	<atom:link href="/2021/07/19/hello-world/feed/" rel="self" type="application/rss+xml" />
	<link>/2021/07/19/hello-world/</link>
	<description>Of North Kansas City</description>
	<lastBuildDate>Mon, 19 Jul 2021 23:11:27 +0000</lastBuildDate>
	<sy:updatePeriod>
	hourly	</sy:updatePeriod>
	<sy:updateFrequency>
	1	</sy:updateFrequency>
	<generator>https://wordpress.org/?v=5.8</generator>
</channel>
</rss>
